seqid,label,locations,haplogroup,verbose_haplogroup,variant_cnt,variants
1804920,JF717097.1,16040-16569;1-220;,HV0,HV0,4,"T72C, C194T, T16189C, T16298C"
1804921,JF717107.1,16040-16569;1-220;,U5b,U5b1c2,9,"A73G, C150T, T16172C, C16174T, T16189C, C16260T, C16270T, T16311C, C16360T"
1804922,JF717112.1,16024-16569;1-220;,T2f,T2f2,8,"A73G, T16126C, T16140C, T16189C, C16294T, C16296T, T16311C, T16519C"
1804923,JF717105.1,16024-16569;1-220;,H2a,H2a2a1,1,T16519C
1804924,JF717095.1,16024-16569;1-220;,H1a,H1ag1a,3,"A93G, C16218T, T16519C"
1804925,JF717098.1,16024-16569;1-220;,K1a,K1a,8,"A73G, T204C, T16093C, T16172C, T16224C, T16311C, C16354T, T16519C"
1804926,JF717108.1,16024-16569;1-220;,T2,T2+16189,7,"A73G, T146C, T16126C, T16189C, C16294T, C16296T, T16519C"
1804927,JF717111.1,16024-16569;1-220;,T2,T2+16189,7,"A73G, T146C, T16126C, T16189C, C16294T, C16296T, T16519C"
1804928,JF717109.1,16024-16569;1-220;,H2a,H2a2a2,2,"T152C, T16519C"
1804929,JF717104.1,16024-16569;1-220;,K1a,K1a4a1f,6,"A73G, T152C, T16093C, T16224C, T16311C, T16519C"
